{
    "accuracy": 0.8740408040001892,
    "loss": 0.2713453330777332
}