{
    "accuracy": 0.8802513190834785,
    "loss": 0.26359325761011
}