{
    "accuracy": 0.8986025778960087,
    "loss": 0.22396423995131512
}