{
    "accuracy": 0.9050043212712229,
    "loss": 0.21281412863016835
}