{
    "accuracy": 0.905637862168586,
    "loss": 0.21386516391736976
}